{
  "GET /expertise" : {
    "transaction" : "GET /expertise",
    "sampleCount" : 1,
    "errorCount" : 0,
    "errorPct" : 0.0,
    "meanResTime" : 123.0,
    "medianResTime" : 123.0,
    "minResTime" : 123.0,
    "maxResTime" : 123.0,
    "pct1ResTime" : 123.0,
    "pct2ResTime" : 123.0,
    "pct3ResTime" : 123.0,
    "throughput" : 8.130081300813009,
    "receivedKBytesPerSec" : 541.5793318089432,
    "sentKBytesPerSec" : 0.9686229674796748
  },
  "Transaction Controller-1" : {
    "transaction" : "Transaction Controller-1",
    "sampleCount" : 1,
    "errorCount" : 0,
    "errorPct" : 0.0,
    "meanResTime" : 133.0,
    "medianResTime" : 133.0,
    "minResTime" : 133.0,
    "maxResTime" : 133.0,
    "pct1ResTime" : 133.0,
    "pct2ResTime" : 133.0,
    "pct3ResTime" : 133.0,
    "throughput" : 7.518796992481203,
    "receivedKBytesPerSec" : 500.85908129699243,
    "sentKBytesPerSec" : 0.8957941729323308
  },
  "Transaction Controller-0" : {
    "transaction" : "Transaction Controller-0",
    "sampleCount" : 1,
    "errorCount" : 0,
    "errorPct" : 0.0,
    "meanResTime" : 757.0,
    "medianResTime" : 757.0,
    "minResTime" : 757.0,
    "maxResTime" : 757.0,
    "pct1ResTime" : 757.0,
    "pct2ResTime" : 757.0,
    "pct3ResTime" : 757.0,
    "throughput" : 1.321003963011889,
    "receivedKBytesPerSec" : 245.25006192206075,
    "sentKBytesPerSec" : 0.14577485138705415
  },
  "Total" : {
    "transaction" : "Total",
    "sampleCount" : 4,
    "errorCount" : 0,
    "errorPct" : 0.0,
    "meanResTime" : 519.5,
    "medianResTime" : 445.0,
    "minResTime" : 123.0,
    "maxResTime" : 1065.0,
    "pct1ResTime" : 1065.0,
    "pct2ResTime" : 1065.0,
    "pct3ResTime" : 1065.0,
    "throughput" : 0.0187863986473793,
    "receivedKBytesPerSec" : 2.3696088172787904,
    "sentKBytesPerSec" : 0.002155665860417058
  },
  "Transaction Controller" : {
    "transaction" : "Transaction Controller",
    "sampleCount" : 2,
    "errorCount" : 0,
    "errorPct" : 0.0,
    "meanResTime" : 1039.0,
    "medianResTime" : 1039.0,
    "minResTime" : 890.0,
    "maxResTime" : 1188.0,
    "pct1ResTime" : 1188.0,
    "pct2ResTime" : 1188.0,
    "pct3ResTime" : 1188.0,
    "throughput" : 0.009394699510536154,
    "receivedKBytesPerSec" : 2.36998726724632,
    "sentKBytesPerSec" : 0.0021560101415781215
  },
  "GET /" : {
    "transaction" : "GET /",
    "sampleCount" : 1,
    "errorCount" : 0,
    "errorPct" : 0.0,
    "meanResTime" : 1065.0,
    "medianResTime" : 1065.0,
    "minResTime" : 1065.0,
    "maxResTime" : 1065.0,
    "pct1ResTime" : 1065.0,
    "pct2ResTime" : 1065.0,
    "pct3ResTime" : 1065.0,
    "throughput" : 0.9389671361502347,
    "receivedKBytesPerSec" : 174.32328345070422,
    "sentKBytesPerSec" : 0.10361649061032864
  }
}